{
  "posts": [
    {
      "id": 1,
      "title": "Welcome to KM6KFX Amateur Radio Log",
      "content": "Welcome to my amateur radio station log! This blog will document my radio adventures, equipment updates, and interesting contacts. Stay tuned for updates on my latest QSOs and technical projects!",
      "date": "2025-06-18",
      "created_at": "2025-06-19T00:01:50.015650",
      "updated_at": "2025-06-19T01:01:13.281840"
    },
    {
      "id": 2,
      "title": "New ADIF Import System",
      "content": "Just implemented a new ADIF import system that can merge contacts from multiple log files while avoiding duplicates. The system now supports comment fields and handles RST reports properly for different modes like FT8.",
      "date": "2025-06-18",
      "created_at": "2025-06-19T00:01:50.015660"
    },
    {
      "id": 3,
      "title": "Station Upgrade - New Antenna",
      "content": "Finally got the new G5RV antenna installed! Initial tests show significant improvement on 40m and 20m bands. Looking forward to working more DX with this setup. The SWR is looking great across the HF bands.",
      "date": "2025-06-17",
      "created_at": "2025-06-19T00:01:50.015663"
    },
    {
      "id": 4,
      "title": "FT8 Adventures",
      "content": "Been exploring FT8 mode lately and amazed by the weak signal performance. Made contacts to over 15 countries this week with just 25 watts! The digital modes are really opening up new possibilities for QRP operation.",
      "date": "2025-06-16",
      "created_at": "2025-06-19T00:01:50.015665"
    }
  ],
  "created_date": "2025-06-19T00:01:50.015667",
  "last_updated": "2025-06-19T01:01:13.281848"
}